CarNumber,SURNAME
Y163O8161RUS,EVANS
E432XX77RUS,ORTIZ
7184TT36RUS,GOMEZ
X582HE161RUS,LEWIS
92918M178RUS,LEE
H234YH197RUS,BAILEY
E40577152RUS,MYERS
707987163RUS,TORRES
K330T8197RUS,ADAMS
X786CO96RUS,CHAVEZ
C477M7161RUS,JIMENEZ
O21997197RUS,MENDOZA
M592CH197RUS,MORALES
9020YC197RUS,BAILEY
8182XX154RUS,MARTINEZ
7830C8197RUS,MITCHELL
7066C8197RUS,ALLEN
M298CH161RUS,TAYLOR
E445TC197RUS,YOUNG
8440XX154RUS,COOPER
9371CE154RUS,ROBINSON
9182CE154RUS,WARD
83298C154RUS,ALVAREZ
Y7659C197RUS,RODRIGUEZ
C922YE197RUS,CAMPBELL
7364C8197RUS,REED
M5039X197RUS,SANDERS
8603T8154RUS,MOORE
92928M178RUS,CLARK
O672E8197RUS,CHAVEZ
E42277152RUS,HARRIS
C903MC161RUS,PETERSON
T7318T163RUS,FOSTER
Y7719C197RUS,ALVAREZ
T011MY163RUS,MORALES
H115YO163RUS,HARRIS
73467Y96RUS,MARTIN
O134HE197RUS,BROWN
H968HY161RUS,HOWARD
Y654E8750RUS,WHITE
H963HY161RUS,PEREZ
H232YH197RUS,DAVIS
7843C8197RUS,EVANS
X791O796RUS,TORRES
H958HY161RUS,ROGERS
708587163RUS,COLLINS
Y973O8197RUS,NGUYEN
97977H178RUS,WATSON
H917TC36RUS,RICHARDSON
Y7709C197RUS,KELLY
8513XX154RUS,WILSON
T870X7163RUS,KELLY
8818C877RUS,GONZALEZ
T395OT197RUS,CRUZ
K327T8197RUS,SANDERS
8311XX154RUS,PEREZ
X423MK197RUS,WATSON
96429X178RUS,MORGAN
O275O7161RUS,MYERS
7789KT197RUS,NGUYEN
E28877161RUS,JOHNSON
T6068M116RUS,PETERSON
9498KX178RUS,RICHARDSON
99209X178RUS,MITCHELL
T6449O50RUS,COX
9683EC178RUS,COOPER
Y353O8197RUS,SMITH
O719MM163RUS,CRUZ
E535MM199RUS,COOPER
Y352O8197RUS,CLARK
7788KT197RUS,BAILEY
E807HE77RUS,EVANS
M516CH161RUS,FLORES
89587X197RUS,KELLY
7781KT197RUS,HERNANDEZ
E645TH36RUS,THOMPSON
Y302E877RUS,HOWARD
M058XE36RUS,COLLINS
8166XX154RUS,TAYLOR
M589CH197RUS,RAMIREZ
9408H7178RUS,GOMEZ
H387TM197RUS,PRICE
8049HT125RUS,EDWARDS
9698MO178RUS,RODRIGUEZ
8685HE154RUS,WILSON
7177TT36RUS,LONG
O77997197RUS,GONZALEZ
Y234E877RUS,KIM
97987H178RUS,RODRIGUEZ
X257HE161RUS,JAMES
T399KX197RUS,RIVERA
H957HY161RUS,RAMOS
K379HY161RUS,THOMAS
T654HT96RUS,HARRIS
8439XX154RUS,WATSON
Y965EE197RUS,SANCHEZ
X758HY197RUS,PETERSON
M0279X197RUS,BENNETT
H224X836RUS,COOK
E6849O154RUS,JACKSON
O83797197RUS,YOUNG
9402KK197RUS,MYERS
7368C8197RUS,BROOKS
H427YH197RUS,DIAZ
9583EY178RUS,GUTIERREZ
Y038E877RUS,COX
9822H8161RUS,FLORES
7826C8197RUS,BAKER
E160YX77RUS,MILLER
82337X197RUS,WHITE
X757HY197RUS,WALKER
X765HY197RUS,HOWARD
934497178RUS,NELSON
K2807K154RUS,CASTILLO
T8008Y125RUS,PEREZ
Y960EE197RUS,RUIZ
7840C8197RUS,GARCIA
K846YE77RUS,MORRIS
7827C8197RUS,FLORES
Y655E8750RUS,NGUYEN
H003MH197RUS,GARCIA
Y7699C197RUS,RICHARDSON
Y8399C197RUS,SCOTT
9135X938RUS,JIMENEZ
H385TM197RUS,COOK
9428EX178RUS,LEWIS
H837YK197RUS,MARTIN
O83597197RUS,CLARK
E42577152RUS,REYES
E53277152RUS,KIM
C476M7161RUS,RAMOS
9943KK197RUS,ROSS
8165XX154RUS,CARTER
T476KX197RUS,MORALES
C422X938RUS,MORGAN
K328T8197RUS,SANDERS
9466EX178RUS,THOMPSON
X256HE161RUS,COOPER
Y275O8197RUS,RAMOS
H217X836RUS,STEWART
Y316E877RUS,KELLY
8601XX154RUS,LEWIS
M741T9152RUS,FOSTER
9883HX152RUS,ALLEN
Y6829Y50RUS,NGUYEN
H004MH197RUS,GOMEZ
704987163RUS,WARD
E316EH197RUS,KING
O22297197RUS,FOSTER
O02597197RUS,COOK
X015HY197RUS,GARCIA
T769OT197RUS,WRIGHT
Y778EE197RUS,HARRIS
7829C8197RUS,PETERSON
T272HH163RUS,MURPHY
T018OX197RUS,GREEN
Y255E877RUS,EVANS
9697MO178RUS,JIMENEZ
T686EO197RUS,PHILLIPS
C590EY154RUS,KELLY
T941CC96RUS,MURPHY
O22397197RUS,BROWN
X242EC197RUS,DIAZ
T020OX197RUS,ROBINSON
E33577152RUS,WILSON
E773EH197RUS,DAVIS
T6428M116RUS,MILLER
Y7129Y50RUS,ADAMS
Y418EX197RUS,JOHNSON
Y7689C197RUS,COOK
E52877152RUS,PATEL
7369C8197RUS,BENNETT
Y166O8161RUS,GONZALEZ
705287163RUS,RODRIGUEZ
K559KC161RUS,MURPHY
M0299X197RUS,LEE
84418C154RUS,SANCHEZ
E53488152RUS,ROBERTS
90159H178RUS,ORTIZ
C798ET50RUS,REED
Y193O8161RUS,MENDOZA
7248C8197RUS,ROGERS
K357YE77RUS,SANDERS
E0697X152RUS,ALLEN
E40877152RUS,HILL
Y351O8197RUS,CAMPBELL
Y356O8197RUS,PHILLIPS
O6939X163RUS,HARRIS
Y7649C197RUS,DAVIS
9935TE152RUS,JONES
704687163RUS,ROBERTS
7197TT36RUS,HILL
O143HO197RUS,KIM
K436MO152RUS,MARTIN
9938OH154RUS,ROSS
E34877152RUS,MYERS
E5878M777RUS,PARKER
7844C8197RUS,SCOTT
C584EY154RUS,CAMPBELL
E28977161RUS,STEWART
T016OX197RUS,GOMEZ
H889YK197RUS,THOMAS
7363C8197RUS,CRUZ
T6039O50RUS,COX
7365C8197RUS,JAMES
Y967O8197RUS,TURNER
E816HE77RUS,HERNANDEZ
T6329O50RUS,CLARK
X504X8197RUS,DIAZ
M581CH197RUS,JOHNSON
X523OM161RUS,BENNETT
C412X938RUS,SCOTT
7831C8197RUS,CHAVEZ
8164XX154RUS,LONG
T6419O50RUS,LONG
E822TH36RUS,CLARK
8437XX154RUS,JACKSON
C515X938RUS,RUIZ
7172TT36RUS,KING
8436XX154RUS,PATEL
E79988152RUS,WATSON
8180XX154RUS,JACKSON
84438C154RUS,MORALES
T6309O50RUS,CHAVEZ
T6129O50RUS,GRAY
K339T8197RUS,KIM
X782CO96RUS,MILLER
E591HE77RUS,HUGHES
9499KX178RUS,LOPEZ
Y357O8197RUS,COLLINS
Y652O8197RUS,JAMES
X767HY197RUS,LEWIS
H220X836RUS,REED
H218X836RUS,ADAMS
T913CT197RUS,SMITH
T6439O50RUS,REYES
7784KT197RUS,KIM
X286TC36RUS,EDWARDS
O752MX161RUS,HILL
Y7449Y50RUS,LONG
92828M178RUS,TORRES
Y650E8750RUS,WALKER
8321XX154RUS,GREEN
8316XX154RUS,CASTILLO
T017OX197RUS,YOUNG
H977HY161RUS,WALKER
X522OM161RUS,BENNETT
O085E8197RUS,MYERS
705387163RUS,RAMIREZ
O017KO197RUS,MORALES
X4138H125RUS,FLORES
8441XX154RUS,CARTER
M0269X197RUS,MURPHY
T483CT96RUS,CASTILLO
T940CC96RUS,GOMEZ
C58078163RUS,ROBERTS
O02397197RUS,LEWIS
8611T8154RUS,MARTIN
704787163RUS,BAKER
C313MM99RUS,RICHARDSON
X763HY197RUS,REYES
M386M9197RUS,TAYLOR
8605T8154RUS,THOMPSON
7147OE161RUS,RODRIGUEZ
7361C8197RUS,RAMIREZ
Y359EY197RUS,TURNER
T6559O50RUS,BENNETT
9469EX178RUS,LEE
Y6839Y50RUS,KING
H237YH197RUS,WARD
T948OM96RUS,MILLER
T395KX197RUS,HUGHES
M301CH161RUS,WARD
9496KX178RUS,ALLEN
T6319O50RUS,ORTIZ
H305T8197RUS,MORRIS
8201XX154RUS,WRIGHT
O64297197RUS,WILLIAMS
9523M8178RUS,JOHNSON
Y273O8197RUS,HOWARD
T6229O50RUS,WRIGHT
X023HY197RUS,EDWARDS
8226XX154RUS,GRAY
Y038TO197RUS,NELSON
M0289X197RUS,ROBINSON
E811HE77RUS,JONES
X795O796RUS,NELSON
O39997197RUS,TURNER
97968K152RUS,HOWARD
H219X836RUS,WARD
T6169O50RUS,ROGERS
94178K154RUS,MENDOZA
9467EX178RUS,HERNANDEZ
O78097197RUS,CHAVEZ
X5707X161RUS,FLORES
Y232E877RUS,BAKER
Y388E877RUS,REED
X255HE161RUS,ORTIZ
E552MO152RUS,RAMIREZ
97998K152RUS,MOORE
Y963O8197RUS,FOSTER
T477KX197RUS,GREEN
T2639T116RUS,JIMENEZ
O49797197RUS,PARKER
O68897197RUS,MORRIS
72457Y96RUS,SANDERS
7064C8197RUS,GRAY
E948C8152RUS,HARRIS
C514X938RUS,DAVIS
C589EY154RUS,FOSTER
K899T8197RUS,PHILLIPS
T6418M116RUS,ROBINSON
8607XX154RUS,DAVIS
92778M178RUS,ROSS
T288CT96RUS,RODRIGUEZ
9886HX152RUS,LONG
C583EY154RUS,CAMPBELL
C592EY154RUS,JIMENEZ
T6459O50RUS,COLLINS
X759HY197RUS,MENDOZA
705787163RUS,SANCHEZ
92898M178RUS,WILLIAMS
9671EC178RUS,BROWN
M302CH161RUS,STEWART
M578CH197RUS,NELSON
Y207O8161RUS,CRUZ
96659X178RUS,ADAMS
T912CT197RUS,MITCHELL
7183TT36RUS,REYES
89557X197RUS,WOOD
Y359O8197RUS,ALVAREZ
K2817K154RUS,WHITE
Y964O8197RUS,GUTIERREZ
H967HY161RUS,TURNER
E394MO152RUS,HUGHES
O50699163RUS,HALL
9463EX178RUS,STEWART
E53677152RUS,WRIGHT
K338T8197RUS,LEE
Y4298M777RUS,JOHNSON
Y687HM197RUS,LOPEZ
98037H178RUS,COOPER
7828C8197RUS,WOOD
H980HY161RUS,PETERSON
H906YK197RUS,FOSTER
7199MT197RUS,PEREZ
X908XC197RUS,JONES
T171CC96RUS,THOMAS
X4108H125RUS,BAILEY
Y966O8197RUS,WILLIAMS
K2797K154RUS,LOPEZ
7089H8163RUS,MORGAN
7841C8197RUS,GONZALEZ
9940KK197RUS,ROSS
H971HY161RUS,GREEN
H844YH197RUS,BAILEY
E33477152RUS,MARTIN
Y156E877RUS,TORRES
E396MO152RUS,RICHARDSON
Y969O8197RUS,REYES
9028CO161RUS,WHITE
T6249O50RUS,YOUNG
E42377152RUS,HALL
9941KK197RUS,ROGERS
M372CH197RUS,STEWART
K040CC197RUS,ANDERSON
E41577152RUS,PARKER
9763HY161RUS,ALLEN
T535ET96RUS,RIVERA
H961HY161RUS,MORGAN
M2169X197RUS,MOORE
8234XX154RUS,TURNER
O83697197RUS,ORTIZ
E52677152RUS,THOMPSON
8451M7154RUS,RICHARDSON
9589EY178RUS,HUGHES
H907YK197RUS,COX
O39897197RUS,CASTILLO
M3879X197RUS,COOK
C299K9154RUS,NGUYEN
9468EX178RUS,RIVERA
M375CH197RUS,EDWARDS
H982HY161RUS,COLLINS
8224XX154RUS,HALL
Y653E8750RUS,MURPHY
K558KC161RUS,WILSON
O058M7161RUS,COX
M256OH161RUS,WARD
T242H8197RUS,MARTINEZ
K27188138RUS,REYES
96629X178RUS,HALL
9881HX152RUS,ANDERSON
T479KX197RUS,JAMES
M680T9152RUS,GARCIA
C410X938RUS,CASTILLO
X762HY197RUS,BROOKS
9470EX178RUS,ROGERS
X4128H125RUS,ROSS
9762HY161RUS,WHITE
H419XE197RUS,RAMOS
98017H178RUS,KIM
Y780EE197RUS,PEREZ
M580CH197RUS,SCOTT
9943OH154RUS,SMITH
Y354O8197RUS,ROBERTS
7065C8197RUS,TORRES
E28777161RUS,ALVAREZ
M701T9152RUS,WRIGHT
E577HE77RUS,ROSS
92788M178RUS,RAMIREZ
9072EM178RUS,BROWN
9409H7178RUS,JONES
C3829X154RUS,CRUZ
T478KX197RUS,RIVERA
T119CT96RUS,MORGAN
708487163RUS,GONZALEZ
H983HY161RUS,WOOD
7842C8197RUS,REED
O64097197RUS,RUIZ
Y693HM197RUS,JIMENEZ
96857X197RUS,PHILLIPS
T394KX197RUS,MOORE
O49897197RUS,ANDERSON
H963X936RUS,WILLIAMS
T341CC96RUS,PATEL
9942KK197RUS,ROGERS
9141H8178RUS,PETERSON
7370C8197RUS,ADAMS
9890HX152RUS,BAKER
M268CH197RUS,TAYLOR
C419X938RUS,WATSON
M0319X197RUS,CARTER
M577CH197RUS,PARKER
H975HY161RUS,EDWARDS
X018HY197RUS,PRICE
E33177152RUS,MITCHELL
9491H7178RUS,WALKER
M374CH197RUS,MOORE
96679X178RUS,HALL
9594HY161RUS,GUTIERREZ
83218C154RUS,RIVERA
9764HY161RUS,RAMOS
708187163RUS,COLLINS
H908YK197RUS,ALVAREZ
Y656E8750RUS,COX
9679EC178RUS,THOMAS
C803KE163RUS,THOMAS
Y7379Y50RUS,TURNER
X320MK197RUS,CARTER
96907X197RUS,GOMEZ
H235YH197RUS,ROBERTS
9474EX178RUS,HUGHES
Y8259C197RUS,WILSON
E29577161RUS,MORRIS
X761HY197RUS,MARTINEZ
T396KX197RUS,FLORES
C593EY154RUS,YOUNG
Y164O8161RUS,MENDOZA
M942OT152RUS,THOMAS
Y7429Y50RUS,PATEL
H976HY161RUS,ANDERSON
Y195O8161RUS,MORALES
O669E8197RUS,RAMIREZ
Y187O8161RUS,KING
K329T8197RUS,MORGAN
9677MO178RUS,PARKER
9939KK197RUS,MYERS
M373CH197RUS,PEREZ
7164YM36RUS,MENDOZA
O753MX161RUS,LEE
T6488M116RUS,ROBINSON
98047H178RUS,MARTINEZ
9488EY178RUS,CRUZ
O481OH77RUS,HUGHES
K326T8197RUS,WRIGHT
X796TH96RUS,HILL
Y358O8197RUS,GREEN
C420X938RUS,ORTIZ
Y965O8197RUS,MURPHY
Y274O8197RUS,SMITH
E223YM197RUS,ADAMS
Y964EE197RUS,JONES
T6049O50RUS,HILL
H259HY161RUS,KING
Y344E877RUS,PRICE
K889HY161RUS,PRICE
H214X836RUS,GREEN
O421OT161RUS,CARTER
7360C8197RUS,WILLIAMS
Y194O8161RUS,WILSON
T6359O50RUS,KING
E29677161RUS,JACKSON
T020MM116RUS,TORRES
9502XX38RUS,WALKER
8521XX154RUS,ROBINSON
K376HE161RUS,JONES
7193TT36RUS,MORRIS
O785T9163RUS,WOOD
H618YC38RUS,WATSON
9068EM178RUS,BROWN
7783KT197RUS,LOPEZ
Y305E877RUS,GUTIERREZ
E881OT197RUS,JAMES
O718MM163RUS,WHITE
9975CC77RUS,ANDERSON
T195OK161RUS,RUIZ
T914CT197RUS,WOOD
E41977152RUS,BROOKS
9464EX178RUS,STEWART
O50197197RUS,MORRIS
7608EE777RUS,SANCHEZ
F678GH901RUS,Clark
G890IJ234RUS,Lewis
H234JK567RUS,Walker
